Company Name ,Account Number,Country ,Reporting Year,Ticker Symbol ,ISIN ,Disclosure Score,Performance Band,Parent Account ,Permission,Response Status,Scope 1 (metric tonnes CO2e),Scope 2 (metric tonnes CO2e),Country Location,:@computed_region_n7dz_xzkg
VTB Bank,20356,Russia,2013,VTBR RU,RU000A0JP5V6,,,,,NR,,,"(61.52401, 105.318756)",3
CEZ,3082,Czech Republic,2013,CEZ CP,CZ0005112300,,,,,NR,,,"(49.817492, 15.472962)",36
Beiersdorf AG,1641,Germany,2013,BEI GR,DE0005200000,51,C,,Public,AQ*,"22,071","51,571","(51.165691, 10.451526)",36
Roche Holding AG,15841,Switzerland,2013,ROG VX,CH0012032048,96,B,,Public,AQ*,"394,063","432,103","(46.818188, 8.227512)",38
CSX Corporation,4120,USA,2013,CSX US,US1264081035,95,A,,Public,AQ*,"5,268,905","300,170","(37.09024, -95.712891)",46
Centrica,3042,United Kingdom,2013,CNA LN,GB00B033F229,97,B,,Public,AQ*,"7,230,344","166,476","(55.378051, -3.435973)",
Prada,44262,Italy,2013,1913 HK,,,,,,NR,,,"(41.87194, 12.56738)",
Pernod Ricard,14562,France,2013,RI FP,FR0000120693,59,E,,Public,AQ*,"283,345","92,502","(46.227638, 2.213749)",48
Itaú Unibanco Holding S.A.,9578,Brazil,2013,ITUB4 BZ,BRITUBACNPR1,83,C,,Public,AQ*,"8,856.8","48,890.5","(-14.235004, -51.92528)",192
Valero Energy Corporation,20048,USA,2013,VLO US,US91913Y1001,,,,Public,IN,,,"(37.09024, -95.712891)",46
Iberdrola SA,8698,Spain,2013,IBE SM,ES0144580Y14,99,B,,Public,AQ*,"35,461,092","7,189,301","(40.463667, -3.74922)",80
3M Company,285,USA,2013,MMM US,US88579Y1010,70,D,,Public,AQ*,"4,540,000","2,230,000","(37.09024, -95.712891)",46
Brookfield Asset Management Inc.,2330,Canada,2013,BAM/A CN,CA1125851040,63,D,,Public,AQ*,"67,649","587,875","(56.130366, -106.346771)",
Walgreen Company,20398,USA,2013,WAG US,US9314221097,86,C,,Not public,AQ*,,,"(37.09024, -95.712891)",46
"Prudential Financial, Inc.",15306,USA,2013,PRU US,US7443201022,63,C,,Public,AQ*,"5,090","70,613","(37.09024, -95.712891)",46
Statoil ASA,23132,Norway,2013,STL NO,NO0010096985,86,B,,Public,AQ*,"15,362,600","409,443","(60.472024, 8.468946)",
Enbridge Inc.,5581,Canada,2013,ENB CN,CA29250N1050,85,C,,Public,AQ*,"3,091,100","2,982,900","(56.130366, -106.346771)",
Chunghwa Telecom,3320,Taiwan,2013,2412 TT,TW0002412004,65,D,,Public,AQ*,"23,168.85","785,792.42","(23.69781, 120.960515)",
Hermes International,8264,France,2013,RMS FP,FR0000052292,,,,,NR,,,"(46.227638, 2.213749)",48
Lukoil,11043,Russia,2013,LKOH RU,RU0009024277,,,,Not public,DP,,,"(61.52401, 105.318756)",3
National Australia Bank,12798,Australia,2013,NAB AU,AU000000NAB4,91,A,,Public,AQ*,"25,363","171,767","(-25.274398, 133.775136)",
adidas AG,21380,Germany,2013,ADS GR,DE000A1EWWW0,86,B,,Public,AQ*,"12,169","57,551","(51.165691, 10.451526)",36
Total,19257,France,2013,FP FP,FR0000120271,81,C,,Public,AQ*,"47,000,000","4,400,000","(46.227638, 2.213749)",48
CLP Holdings Limited,3503,Hong Kong,2013,2 HK,HK0002007356,94,B,,Public,AQ*,"38,245,000","219,000","(22.396428, 114.109497)",
Intesa Sanpaolo S.p.A,9363,Italy,2013,ISP IM,IT0000072618,92,B,,Public,AQ*,"58,993.85","54,539.09","(41.87194, 12.56738)",
Samsung Electronics,16191,South Korea,2013,005930 KS,KR7005930003,99,A,,Public,AQ*,"2,098,438","5,388,036","(35.907757, 127.766922)",
"The Home Depot, Inc.",8526,USA,2013,HD US,US4370761029,99,A-,,Public,AQ*,"250,224","2,529,646","(37.09024, -95.712891)",46
Las Vegas Sands Corporation,10494,USA,2013,LVS US,US5178341070,98,A-,,Public,AQ*,"225,157","821,527","(37.09024, -95.712891)",46
GlaxoSmithKline,7374,United Kingdom,2013,GSK LN,GB0009252882,98,A,,Public,AQ*,"1,005,447","804,283","(55.378051, -3.435973)",
Air Liquide,432,France,2013,AI FP,FR0000120073,88,B,,Public,AQ*,"11,272,000","10,853,000","(46.227638, 2.213749)",48
Sberbank Rossii,16386,Russia,2013,SBER RM,RU0009029540,,,,,NR,,,"(61.52401, 105.318756)",3
Sasol Limited,16366,South Africa,2013,SOL SJ,ZAE000006896,96,B,,Public,AQ*,"66,895,000","8,553,000","(-30.559482, 22.937506)",227
Bank of America,1452,USA,2013,BAC US,US0605051046,98,A,,Public,AQ*,"116,666","1,421,829","(37.09024, -95.712891)",46
Danaher Corporation,4289,USA,2013,DHR US,US2358511028,12,,,Not public,AQ*,,,"(37.09024, -95.712891)",46
Vinci,20205,France,2013,DG FP,FR0000125486,93,B,,Public,AQ*,"2,195,535","193,548","(46.227638, 2.213749)",48
Ping An Insurance Company of China,14780,China,2013,2318 HK,CNE1000003X6,,,,Public,AQ*,,,"(35.86166, 104.195397)",72
Discover Financial Services,4768,USA,2013,DFS US,US2547091080,,,,Public,IN,,,"(37.09024, -95.712891)",46
"EOG Resources, Inc.",5767,USA,2013,EOG US,US26875P1012,,,,Public,AQ*,,,"(37.09024, -95.712891)",46
Standard Chartered,17624,United Kingdom,2013,STAN LN,GB0004082847,91,B,,Public,AQ*,"26,560","229,122","(55.378051, -3.435973)",
Femsa - Fomento Economico Mexicano,22113,Mexico,2013,FEMSAUBD MM,MXP320321310,73,C,,Not public,AQ*,,,"(23.634501, -102.552784)",
Atlas Copco,1144,Sweden,2013,ATCOA SS,SE0000101032,93,B,,Public,AQ*,"29,464","75,561","(60.128161, 18.643501)",
Swisscom,18124,Switzerland,2013,SCMN VX,CH0008742519,97,A,,Public,AQ*,"25,459","46,766","(46.818188, 8.227512)",38
"American International Group, Inc.",699,USA,2013,AIG US,US0268747849,62,D,,Not public,AQ*,,,"(37.09024, -95.712891)",46
McKesson Corporation,11585,USA,2013,MCK US,US58155Q1031,,,,Not public,DP,,,"(37.09024, -95.712891)",46
Mondelez International Inc,42037,USA,2013,MDLZ US,,91,B,,Public,AQ*,"1,075,761","954,755","(37.09024, -95.712891)",46
Nordea Bank,13400,Sweden,2013,NDA SS,SE0000427361,93,B,,Public,AQ*,,"64,175","(60.128161, 18.643501)",
Teva Pharmaceutical Industries Ltd,18586,Israel,2013,TEVA IT,IL0006290147,73,D,,Public,AQ*,"377,704.82","593,981.97","(31.046051, 34.851612)",
Associated British Foods,1085,United Kingdom,2013,ABF LN,GB0006731235,85,B,,Public,AQ*,"2,295,328","1,067,934","(55.378051, -3.435973)",
American Tower Corp.,706,USA,2013,AMT US,US03027X1000,,,,Not public,DP,,,"(37.09024, -95.712891)",46
KDDI Corporation,9995,Japan,2013,9433 JP,JP3496400007,72,C,,Public,AQ*,"2,947","1,032,629","(36.204824, 138.252924)",
"Shin-Etsu Chemical Co., Ltd.",16839,Japan,2013,4063 JP,JP3371200001,61,C,,Public,AQ*,"1,525,214.03","2,950,931.71","(36.204824, 138.252924)",
Banco Santander,1441,Spain,2013,SAN SM,ES0113900J37,84,B,,Public,AQ*,"31,857","342,928","(40.463667, -3.74922)",80
Alexion Pharmaceuticals,36634,USA,2013,ALXN US,US0153511094,,,,,NR,,,"(37.09024, -95.712891)",46
FedEx Corporation,6287,USA,2013,FDX US,US31428X1063,80,B,,Public,AQ*,"14,602,697","959,109","(37.09024, -95.712891)",46
Royal Philips,14709,Netherlands,2013,PHIA NA,NL0000009538,100,A,,Public,AQ*,"442,549","408,517","(52.132633, 5.291266)",38
China Overseas Land & Investment,3235,China,2013,688 HK,HK0688002218,,,,,NR,,,"(35.86166, 104.195397)",72
Comcast Corporation,3635,USA,2013,CMCSA US,US20030N1019,,,,Public,IN,,,"(37.09024, -95.712891)",46
Power Assets Holdings Limited,8559,Hong Kong,2013,6 HK,HK0006000050,96,B,,Public,AQ*,"8,960,000",,"(22.396428, 114.109497)",
Public Storage,15279,USA,2013,PSA US,US74460D1090,,,,,NR,,,"(37.09024, -95.712891)",46
General Dynamics Corporation,7147,USA,2013,GD US,US3695501086,,,,,NR,,,"(37.09024, -95.712891)",46
Union Pacific Corporation,19845,USA,2013,UNP US,US9078181081,98,B,,Public,AQ*,"11,595,509","407,176","(37.09024, -95.712891)",46
Duke Energy Corporation,5052,USA,2013,DUK US,US26441C2044,67,C,,Public,AQ*,"123,430,000",,"(37.09024, -95.712891)",46
"Franklin Resources, Inc.",6684,USA,2013,BEN US,US3546131018,86,C,,Public,AQ*,"8,175","29,552","(37.09024, -95.712891)",46
Ambev - Cia de Bebidas das Américas,667,Brazil,2013,AMBV4 BZ,BRAMBVACNPR1,66,C,,Public,AQ*,"757,236","235,799","(-14.235004, -51.92528)",192
Taiwan Semiconductor Manufacturing,18280,Taiwan,2013,2330 TT,TW0002330008,90,B,,Public,AQ*,"1,563,306","3,042,814","(23.69781, 120.960515)",
AXA Group,1287,France,2013,CS FP,FR0000120628,94,A,,Public,AQ*,"51,886.1","119,929.95","(46.227638, 2.213749)",48
Canon Inc.,2688,Japan,2013,7751 JP,JP3242800005,85,B,,Public,AQ*,"145,283","921,409","(36.204824, 138.252924)",
Marathon Petroleum,36606,USA,2013,MPC US,US56585A1025,,,,Public,IN,,,"(37.09024, -95.712891)",46
Swiss Re,18114,Switzerland,2013,SREN VX,CH0126881561,92,A,,Public,AQ*,"4,850","8,800","(46.818188, 8.227512)",38
NTPC Ltd,12857,India,2013,NTPC IN,INE733E01010,,,,,NR,,,"(20.593684, 78.96288)",121
DIRECTV,4773,USA,2013,DTV US,US25490A3095,91,B,,Public,AQ*,"106,060","88,145","(37.09024, -95.712891)",46
Housing Development Finance Corporation,8594,India,2013,HDFC IN,INE001A01036,,,,,NR,,,"(20.593684, 78.96288)",121
"Medtronic, Inc.",11651,USA,2013,MDT US,US5850551061,61,D,,Public,AQ*,"31,460","170,685","(37.09024, -95.712891)",46
"Tokio Marine Holdings, Inc.",19184,Japan,2013,8766 JP,JP3910660004,83,B,,Public,AQ*,"17,918","70,971","(36.204824, 138.252924)",
Bank of China,1451,China,2013,3988 HK,CNE1000001Z5,,,,,NR,,,"(35.86166, 104.195397)",72
Nippon Telegraph & Telephone Corporation (NTT),13298,Japan,2013,9432 JP,JP3735400008,95,B,,Public,AQ*,"260,000","3,531,000","(36.204824, 138.252924)",
BNP Paribas,1907,France,2013,BNP FP,FR0000131104,93,A,,Public,AQ*,"70,319","388,323","(46.227638, 2.213749)",48
Kimberly-Clark Corporation,10148,USA,2013,KMB US,US4943681035,72,C,,Public,AQ*,"2,461,675","2,967,804","(37.09024, -95.712891)",46
Anheuser Busch InBev,22350,Belgium,2013,ABI BB,BE0003793107,85,A,,Public,AQ*,"2,459,221","1,588,297","(50.503887, 4.469936)",40
Heineken NV,8212,Netherlands,2013,HEIA NA,NL0000009165,96,B,Heineken Holding NV,Public,AQ*,"1,263,773","737,418","(52.132633, 5.291266)",38
Vodacom Group,22902,South Africa,2013,VOD SJ,ZAE000132577,94,B,,Public,AQ*,"45,850.61","401,703.25","(-30.559482, 22.937506)",227
Woodside Petroleum,20771,Australia,2013,WPL AU,AU000000WPL2,72,C,,Public,AQ*,"9,889,254","8,455","(-25.274398, 133.775136)",
Ecopetrol Sa,22341,Colombia,2013,ECOPETL CB,COC04PA00016,48,,,Not public,AQ*,,,"(4.570868, -74.297333)",149
Express Scripts Holding Company,11623,USA,2013,MHS US,US58405U1025,,,,Not public,DP,,,"(37.09024, -95.712891)",46
Thermo Fisher Scientific Inc.,19016,USA,2013,TMO US,US8835561023,75,D,,Public,AQ*,"64,863","297,992","(37.09024, -95.712891)",46
Norfolk Southern Corp.,13425,USA,2013,NSC US,US6558441084,90,B,,Public,AQ*,"4,925,238","252,854","(37.09024, -95.712891)",46
Saint-Gobain,16151,France,2013,SGO FP,FR0000125007,91,B,,Public,AQ*,"12,801,000","4,550,000","(46.227638, 2.213749)",48
H.J. Heinz Company,8218,USA,2013,HNZ US,US4230741039,27,,,Not public,AQ*,,,"(37.09024, -95.712891)",46
Jardine Strategic,9707,Hong Kong,2013,JS SP,BMG507641022,,,,,NR,,,"(22.396428, 114.109497)",
"WellPoint, Inc.",20595,USA,2013,WLP US,US94973V1070,57,C,,Public,AQ*,"7,460","114,199","(37.09024, -95.712891)",46
Chevron Corporation,3191,USA,2013,CVX US,US1667641005,97,A-,,Public,AQ*,"58,559,220","3,849,319","(37.09024, -95.712891)",46
Imperial Tobacco Group,8884,United Kingdom,2013,IMT LN,GB0004544929,83,B,,Public,AQ*,"144,153","163,819","(55.378051, -3.435973)",
CNOOC,3527,China,2013,883 HK,HK0883013259,22,,,Not public,AQ*,,,"(35.86166, 104.195397)",72
"Praxair, Inc.",15027,USA,2013,PX US,US74005P1049,98,B,,Public,AQ*,"5,355,000","11,329,000","(37.09024, -95.712891)",46
Bridgestone Corporation,2156,Japan,2013,5108 JP,JP3830800003,93,B,,Not public,AQ*,,,"(36.204824, 138.252924)",
Prudential PLC,15283,United Kingdom,2013,PRU LN,GB0007099541,70,D,,Public,AQ*,"12,499.6","114,635.67","(55.378051, -3.435973)",
Wal Mart de Mexico,20332,Mexico,2013,WALMEXV MM,MXP810081010,71,C,"Wal-Mart Stores, Inc.",Public,AQ*,"851,495","1,078,080","(23.634501, -102.552784)",
Deutsche Bank AG,4645,Germany,2013,DBK GR,DE0005140008,91,A,,Public,AQ*,"94,031","443,165","(51.165691, 10.451526)",36
Societe Generale,17320,France,2013,GLE FP,FR0000130809,85,B,,Public,AQ*,"31,763","205,871","(46.227638, 2.213749)",48
Magnit,22843,Russia,2013,MGNT RU,RU000A0JKQU8,,,,Not public,DP,,,"(61.52401, 105.318756)",3
Barclays,1502,United Kingdom,2013,BARC LN,GB0031348658,92,A,,Public,AQ*,"46,757","786,547","(55.378051, -3.435973)",
"Hitachi, Ltd.",8338,Japan,2013,6501 JP,JP3788600009,95,B,,Public,AQ*,"912,154","3,313,114","(36.204824, 138.252924)",
Mitsubishi Corporation,12112,Japan,2013,8058 JP,JP3898400001,67,D,,Not public,AQ*,,,"(36.204824, 138.252924)",
Twenty-First Century Fox,13126,USA,2013,FOX US,,97,A-,,Public,AQ*,"62,360","376,022","(37.09024, -95.712891)",46
Costco Wholesale Corporation,3944,USA,2013,COST US,US22160K1051,45,,,Public,AQ*,"362,802","1,197,983","(37.09024, -95.712891)",46
Skandinaviska Enskilda Banken AB (SEB AB),22943,Sweden,2013,SEBA SS,SE0000148884,74,B,,Public,AQ*,,"9,308","(60.128161, 18.643501)",
BT Group,2377,United Kingdom,2013,BT/A LN,GB0030913577,93,A,,Public,AQ*,"200,876","192,644","(55.378051, -3.435973)",
Covidien Ltd.,3943,Ireland,2013,COV US,IE00B68SQD29,70,C,,Public,AQ*,"230,511","402,132","(53.41291, -8.24389)",
Sun Hung Kai Props,17894,Hong Kong,2013,16 HK,HK0016000132,,,,,NR,,,"(22.396428, 114.109497)",
Cielo SA,23095,Brazil,2013,CIEL3 BZ,BRCIELACNOR3,53,E,,Public,AQ*,"1,564.17",285.49,"(-14.235004, -51.92528)",192
ING Group,9033,Netherlands,2013,INGA NA,NL0000303600,96,B,,Public,AQ*,"27,039","87,735","(52.132633, 5.291266)",38
Telefonica Brasil S.A.,36639,Brazil,2013,VIVT4 BZ,BRVIVTACNPR7,,,Telefonica,,SA,,,"(-14.235004, -51.92528)",192
ABB,282,Switzerland,2013,ABBN VX,CH0012221716,82,B,,Public,AQ*,"819,000","857,000","(46.818188, 8.227512)",38
Kraft Foods,10312,USA,2013,KRFT US,US50076Q1067,81,B,,Public,AQ*,"477,813","695,225","(37.09024, -95.712891)",46
Newmont Mining Corporation,13117,USA,2013,NEM US,US6516391066,92,B,,Public,AQ*,"4,016,150","1,182,740","(37.09024, -95.712891)",46
BHP Billiton,1808,United Kingdom,2013,BHP AU,AU000000BHP4,75,C,,Public,AQ*,"20,200,000","20,000,000","(55.378051, -3.435973)",
Google Inc.,7616,USA,2013,GOOG US,US38259P5089,93,B,,Public,AQ*,"37,187","1,149,988","(37.09024, -95.712891)",46
Naspers,12789,South Africa,2013,NPN SJ,ZAE000015889,59,E,,Not public,AQ*,,,"(-30.559482, 22.937506)",227
Microsoft Corporation,11930,USA,2013,MSFT US,US5949181045,96,A,,Public,AQ*,"48,516","1,207,419","(37.09024, -95.712891)",46
Hyundai Motor,8708,South Korea,2013,005380 KS,KR7005380001,87,B,,Public,AQ*,"877,211","1,533,990","(35.907757, 127.766922)",
Tullow Oil,19589,United Kingdom,2013,TLW LN,GB0001500809,72,B,,Public,AQ*,"579,834.45",122,"(55.378051, -3.435973)",
"Adobe Systems, Inc.",333,USA,2013,ADBE US,US00724F1012,97,A,,Public,AQ*,"2,744","22,995","(37.09024, -95.712891)",46
Intuitive Surgical Inc.,9367,USA,2013,ISRG US,US46120E6023,,,,,NR,,,"(37.09024, -95.712891)",46
Bank of Nova Scotia (Scotiabank),1470,Canada,2013,BNS CN,CA0641491075,72,C,,Public,AQ*,"16,310","128,052","(56.130366, -106.346771)",
Sands China LTD,31550,Hong Kong,2013,1928 HK,KYG7800X1079,,,,,SA,,,"(22.396428, 114.109497)",
CIMB Group Holdings,21414,Malaysia,2013,CIMB MK,MYL1023OO000,,,,,NR,,,"(4.210484, 101.975766)",180
The Coca-Cola Company,3564,USA,2013,KO US,US1912161007,90,A-,,Public,AQ*,"2,551,626","1,138,377","(37.09024, -95.712891)",46
LG Chem,10667,South Korea,2013,051910 KS,KR7051910008,95,B,,Public,AQ*,"4,454,747","1,865,116","(35.907757, 127.766922)",
Bristol-Myers Squibb,2191,USA,2013,BMY US,US1101221083,96,B,,Public,AQ*,"269,734","262,565","(37.09024, -95.712891)",46
"Gilead Sciences, Inc.",7345,USA,2013,GILD US,US3755581036,,,,,NR,,,"(37.09024, -95.712891)",46
Sandvik AB,16277,Sweden,2013,SAND SS,SE0000667891,64,C,,Not public,AQ*,,,"(60.128161, 18.643501)",
Hindustan Unilever,8359,India,2013,HUVR IN,INE030A01027,,,Unilever plc,,SA,,,"(20.593684, 78.96288)",121
Rogers Communications Inc.,15916,Canada,2013,RCI/B CN,CA7751092007,68,C,,Public,AQ*,"38,870","159,819","(56.130366, -106.346771)",
CenturyLink,31497,USA,2013,CTL US,US1567001060,66,D,,Public,AQ*,"279,522.5","2,079,911.5","(37.09024, -95.712891)",46
PETROCHINA Company Limited,14653,China,2013,857 HK,CNE1000003W8,,,,Public,AQ*,,,"(35.86166, 104.195397)",72
Monsanto Company,12330,USA,2013,MON US,US61166W1018,70,D,,Public,AQ*,"1,610,000","539,000","(37.09024, -95.712891)",46
Kia Motors,10076,South Korea,2013,000270 KS,KR7000270009,,,,Not public,DP,,,"(35.907757, 127.766922)",
Precision Castparts Corp.,15040,USA,2013,PCP US,US7401891053,,,,,NR,,,"(37.09024, -95.712891)",46
Anglo American,772,United Kingdom,2013,AAL LN,GB00B1XZS820,96,A,,Public,AQ*,"8,470,754","9,403,534","(55.378051, -3.435973)",
Astellas Pharma Inc.,1051,Japan,2013,4503 JP,JP3942400007,88,B,,Public,AQ*,"85,937","125,398","(36.204824, 138.252924)",
East Japan Railway Company,5145,Japan,2013,9020 JP,JP3783600004,78,C,,Not public,AQ*,,,"(36.204824, 138.252924)",
Siemens Aktiengesellschaft,16919,Germany,2013,SIE GR,DE0007236101,96,A-,,Public,AQ*,"1,042,000","1,385,000","(51.165691, 10.451526)",36
"Mitsui & Co., Ltd.",12272,Japan,2013,8031 JP,JP3893600001,78,C,,Not public,AQ*,,,"(36.204824, 138.252924)",
Belle International,1657,Hong Kong,2013,1880 HK,KYG097021045,,,,,NR,,,"(22.396428, 114.109497)",
Tata Consultancy Services,18287,India,2013,TCS IN,INE467B01029,89,A,,Public,AQ*,"58,961","300,555","(20.593684, 78.96288)",121
Fresnillo plc,6806,Mexico,2013,FRES LN,GB00B2QPKJ12,68,D,,Public,AQ*,"236,183.87","346,134.05","(23.634501, -102.552784)",
State Street Corporation,17690,USA,2013,STT US,US8574771031,87,C,,Public,AQ*,"10,009.07","98,756","(37.09024, -95.712891)",46
Telekomunikasi Indonesia,18439,Indonesia,2013,TLKM IJ,ID1000129000,,,,,NR,,,"(-0.789275, 113.921327)",
"Lowe's Companies, Inc.",11017,USA,2013,LOW US,US5486611073,85,D,,Public,AQ*,"303,721","2,552,740","(37.09024, -95.712891)",46
America Movil,645,Mexico,2013,AMXL MM,MXP001691213,,,,,NR,,,"(23.634501, -102.552784)",
CSL,4052,Australia,2013,CSL AU,AU000000CSL8,85,C,,Public,AQ*,"55,383","136,951","(-25.274398, 133.775136)",
EDF,5369,France,2013,EDF FP,FR0010242511,95,B,,Public,AQ*,"80,283,556","74,004","(46.227638, 2.213749)",48
Arcelor Mittal,904,Luxembourg,2013,MT NA,LU0323134006,88,B,,Public,AQ*,"158,192,000","17,256,000","(49.815273, 6.129583)",38
Canadian Natural Resources Limited,2667,Canada,2013,CNQ CN,CA1363851017,66,D,,Public,AQ*,"18,242,506","1,793,837","(56.130366, -106.346771)",
"Valeant Pharmaceuticals International, Inc.",31831,Canada,2013,VRX US,CA91911K1021,,,,,NR,,,"(56.130366, -106.346771)",
HSBC Holdings plc,8611,United Kingdom,2013,HSBA LN,GB0005405286,97,A,,Public,AQ*,"64,918","688,827","(55.378051, -3.435973)",
Want Want China Holdings Ltd.,21395,Hong Kong,2013,151 HK,KYG9431R1039,,,,,NR,,,"(22.396428, 114.109497)",
Jardine Matheson,9728,Hong Kong,2013,JM SP,BMG507361001,,,,,NR,,,"(22.396428, 114.109497)",
General Electric Company,7166,USA,2013,GE US,US3696041033,72,C,,Public,AQ*,"1,970,000","2,905,000","(37.09024, -95.712891)",46
Reliance Industries,15635,India,2013,RIL IN,INE002A01018,,,,,NR,,,"(20.593684, 78.96288)",121
Bayer AG,1581,Germany,2013,BAYN GR,DE000BAY0017,99,A-,,Public,AQ*,"4,240,000","4,120,000","(51.165691, 10.451526)",36
Tesco,18574,United Kingdom,2013,TSCO LN,GB0008847096,96,A-,,Public,AQ*,"1,418,798","3,764,068","(55.378051, -3.435973)",
Caterpillar Inc.,2918,USA,2013,CAT US,US1491231015,,,,Public,IN,,,"(37.09024, -95.712891)",46
Oracle Corporation,14013,USA,2013,ORCL US,US68389X1054,79,C,,Public,AQ*,"16,481","440,773","(37.09024, -95.712891)",46
United Overseas Bank,19894,Singapore,2013,UOB SP,SG1M31001969,,,,,NR,,,"(1.352083, 103.819836)",
Woolworths Limited,20780,Australia,2013,WOW AU,AU000000WOW2,96,B,,Public,AQ*,"383,871","2,499,051","(-25.274398, 133.775136)",
Unibail-Rodamco,19789,France,2013,UL FP,FR0000124711,79,B,,Public,AQ*,"15,429","66,533","(46.227638, 2.213749)",48
Novo Nordisk A/S,13520,Denmark,2013,NOVOB DC,DK0060102614,96,B,,Public,AQ*,"38,587","88,294","(56.26392, 9.501785)",
"Marsh & McLennan Companies, Inc.",11383,USA,2013,MMC US,US5717481023,98,B,,Public,AQ*,"3,429.21","97,423.43","(37.09024, -95.712891)",46
Honda Motor Company,8566,Japan,2013,7267 JP,JP3854600008,99,A,,Public,AQ*,"1,410,000","3,540,000","(36.204824, 138.252924)",
"Nissan Motor Co., Ltd.",13363,Japan,2013,7201 JP,JP3672400003,99,A,,Public,AQ*,"835,766","2,432,889","(36.204824, 138.252924)",
Dow Chemical Company,4826,USA,2013,DOW US,US2605431038,90,B,,Public,AQ*,"27,429,000","8,403,000","(37.09024, -95.712891)",46
Standard Bank Group,17637,South Africa,2013,SBK SJ,ZAE000109815,71,C,,Public,AQ*,"9,198","363,916","(-30.559482, 22.937506)",227
AIA Group Ltd.,36633,Hong Kong,2013,1299 HK,HK0000069689,,,,,NR,,,"(22.396428, 114.109497)",
Formosa Petrochemical,6602,Taiwan,2013,6505 TT,TW0006505001,,,Formosa Plastics Corp,,NR,,,"(23.69781, 120.960515)",
"Seven & I Holdings Co., Ltd.",16728,Japan,2013,3382 JP,JP3422950000,82,B,,Public,AQ*,"169,619","2,310,530","(36.204824, 138.252924)",
Banco Santander Brasil,31393,Brazil,2013,SANB3 BZ,BRSANBACNOR8,64,C,,Public,AQ*,"15,790","22,861","(-14.235004, -51.92528)",192
Public Bank BHD,15296,Malaysia,2013,PBK MK,MYL1295OO004,,,,,NR,,,"(4.210484, 101.975766)",180
Empresas COPEC S.A.,3283,Chile,2013,COPEC CI,CLP7847L1080,32,,,Not public,AQ*,,,"(-35.675147, -71.542969)",
Daimler AG,4235,Germany,2013,DAI GR,DE0007100000,100,A,,Public,AQ*,"960,464","2,330,559","(51.165691, 10.451526)",36
T.GARANTİ BANKASI A.Ş.,21129,Turkey,2013,GARAN TI,TRAGARAN91N1,80,C,,Public,AQ*,"15,567.78","73,993.85","(38.963745, 35.243322)",
Zurich Insurance Group,21064,Switzerland,2013,ZURN VX,CH0011075394,65,C,,Not public,AQ*,,,"(46.818188, 8.227512)",38
China Mobile,3229,China,2013,941 HK,HK0941009539,,,,Not public,AQ*,,,"(35.86166, 104.195397)",72
Oil & Natural Gas,13823,India,2013,ONGC IN,INE213A01029,,,,,NR,,,"(20.593684, 78.96288)",121
Viacom Inc.,20159,USA,2013,VIAB US,US92553P2011,60,D,,Not public,AQ*,,,"(37.09024, -95.712891)",46
JPMorgan Chase & Co.,9871,USA,2013,JPM US,US46625H1005,91,B,,Public,AQ*,"83,343","1,219,748","(37.09024, -95.712891)",46
Westfield Group,20629,Australia,2013,WDC AU,AU000000WDC7,85,B,,Public,AQ*,"25,187","458,569","(-25.274398, 133.775136)",
Colgate Palmolive Company,3551,USA,2013,CL US,US1941621039,99,B,,Public,AQ*,"232,574","435,061","(37.09024, -95.712891)",46
Honeywell International Inc.,8553,USA,2013,HON US,US4385161066,74,B,,Public,AQ*,"5,532,844","1,756,275","(37.09024, -95.712891)",46
Picc Property & Casualty,23051,China,2013,2328 HK,CNE100000593,,,,,NR,,,"(35.86166, 104.195397)",72
BMW AG,1932,Germany,2013,BMW GR,DE0005190003,100,A,,Public,AQ*,"484,612","862,214","(51.165691, 10.451526)",36
Gas Natural SDG SA,7084,Spain,2013,GAS SM,ES0116870314,100,A,,Public,AQ*,"26,062,058","956,889","(40.463667, -3.74922)",80
Vodafone Group,20316,United Kingdom,2013,VOD LN,GB00B16GWD56,85,B,,Public,AQ*,"404,885","2,178,178","(55.378051, -3.435973)",
Westpac Banking Corporation,19051,Australia,2013,WBC AU,AU000000WBC1,91,A,,Public,AQ*,"12,134","176,648","(-25.274398, 133.775136)",
Halliburton Company,8027,USA,2013,HAL US,US4062161017,65,D,,Public,AQ*,"4,211,808","839,363","(37.09024, -95.712891)",46
Carrefour,2880,France,2013,CA FP,FR0000120172,80,B,,Public,AQ*,"1,630,800","1,585,600","(46.227638, 2.213749)",48
Sime Darby Bhd,17053,Malaysia,2013,SIME MK,MYL4197OO009,65,D,,Not public,AQ*,,,"(4.210484, 101.975766)",180
UniCredit,19794,Italy,2013,UCG IM,IT0004781412,77,C,,Public,AQ*,"67,424.93","308,347.8","(41.87194, 12.56738)",
Eni SpA,5634,Italy,2013,ENI IM,IT0003132476,92,B,,Public,AQ*,"52,493,340","834,197","(41.87194, 12.56738)",
AKBANK T.A.Ş.,449,Turkey,2013,AKBNK TI,TRAAKBNK91N6,,B,,Not public,AQ*,,,"(38.963745, 35.243322)",
ConocoPhillips,3751,USA,2013,COP US,US20825C1045,83,B,,Public,AQ*,"24,171,000","1,638,000","(37.09024, -95.712891)",46
AT&T Inc.,1113,USA,2013,T US,US00206R1023,96,B,,Public,AQ*,"948,441","7,894,626","(37.09024, -95.712891)",46
Royal Dutch Shell,16012,Netherlands,2013,RDSA NA,GB00B03MLX29,90,B,,Public,AQ*,"72,000,000","9,000,000","(52.132633, 5.291266)",38
Credit Agricole,4050,France,2013,ACA FP,FR0000045072,59,D,,Public,AQ*,"10,241","18,149","(46.227638, 2.213749)",48
Bharti Airtel,1804,India,2013,BHARTI IN,INE397D01024,,,,,NR,,,"(20.593684, 78.96288)",121
Compass,3692,United Kingdom,2013,CPG LN,GB0005331532,82,C,,Public,AQ*,"76,140.58","9,063.97","(55.378051, -3.435973)",
Potash Corporation of Saskatchewan Inc.,14943,Canada,2013,POT CN,CA73755L1076,71,C,,Public,AQ*,"7,649,000","1,700,000","(56.130366, -106.346771)",
Imperial Oil,8886,Canada,2013,IMO CN,CA4530384086,62,D,,Public,AQ*,"9,780,351","1,367,700","(56.130366, -106.346771)",
Cheung Kong,3188,Hong Kong,2013,1 HK,HK0001000014,,,,,NR,,,"(22.396428, 114.109497)",
Inpex Corporation,9134,Japan,2013,1605 JP,JP3294460005,96,B,,Public,AQ*,"485,041","27,981","(36.204824, 138.252924)",
Abbott Laboratories,64,USA,2013,ABT US,US0028241000,84,B,,Public,AQ*,"470,781","537,821","(37.09024, -95.712891)",46
Kumba Iron Ore,10350,South Africa,2013,KIO SJ,ZAE000085346,98,B,Anglo American,Public,AQ*,"448,274","516,315","(-30.559482, 22.937506)",227
Reckitt Benckiser,15591,United Kingdom,2013,RB/ LN,GB00B24CGK77,99,B,,Public,AQ*,"104,933.87","208,576.14","(55.378051, -3.435973)",
Goldman Sachs Group Inc.,7599,USA,2013,GS US,US38141G1040,98,A,,Public,AQ*,"14,559","276,815","(37.09024, -95.712891)",46
Nestlé,12942,Switzerland,2013,NESN VX,CH0038863350,100,A,,Public,AQ*,"3,706,080","3,391,319","(46.818188, 8.227512)",38
SoftBank Corporation,17344,Japan,2013,9984 JP,JP3436100006,,,,,NR,,,"(36.204824, 138.252924)",
"Mitsui Fudosan Co., Ltd.",12295,Japan,2013,8801 JP,JP3893200000,73,B,,Not public,AQ*,,,"(36.204824, 138.252924)",
Suncor Energy Inc.,17929,Canada,2013,SU CN,CA8672241079,94,B,,Public,AQ*,"18,608,320","2,232,478","(56.130366, -106.346771)",
TD Bank Group,19241,Canada,2013,TD CN,CA8911605092,94,A,,Public,AQ*,"43,289","64,108","(56.130366, -106.346771)",
Telenor Group,18435,Norway,2013,TEL NO,NO0010063308,95,A,,Public,AQ*,"342,073","787,079","(60.472024, 8.468946)",
Eli Lilly & Co.,5377,USA,2013,LLY US,US5324571083,86,B,,Public,AQ*,"415,040","1,160,941","(37.09024, -95.712891)",46
Apple Inc.,865,USA,2013,AAPL US,US0378331005,,,,,NR,,,"(37.09024, -95.712891)",46
Archer Daniels Midland,912,USA,2013,ADM US,US0394831020,,,,,NR,,,"(37.09024, -95.712891)",46
Deutsche Post AG,4663,Germany,2013,DPW GR,DE0005552004,98,B,,Public,AQ*,"4,800,000","570,000","(51.165691, 10.451526)",36
Korea Electric Power Corporation,10268,South Korea,2013,015760 KS,KR7015760002,91,B,,Public,AQ*,"1,174,220","132,861","(35.907757, 127.766922)",
Aviva,1268,United Kingdom,2013,AV/ LN,GB0002162385,79,B,,Public,AQ*,"23,849","75,733","(55.378051, -3.435973)",
Eaton Corporation,5194,USA,2013,ETN US,IE00B8KQN827,100,A-,,Public,AQ*,"105,382","637,346","(37.09024, -95.712891)",46
LyondellBasell Industries Cl A,11085,Netherlands,2013,DLY GR,NL0009434992,,,,,NR,,,"(52.132633, 5.291266)",38
Baxter International Inc.,1574,USA,2013,BAX US,US0718131099,82,B,,Public,AQ*,"345,000","445,000","(37.09024, -95.712891)",46
Exxon Mobil Corporation,6136,USA,2013,XOM US,US30231G1022,80,B,,Public,AQ*,"132,000,000","14,000,000","(37.09024, -95.712891)",46
"Mitsubishi UFJ Financial Group, Inc.",12271,Japan,2013,8306 JP,JP3902900004,76,C,,Public,AQ*,"18,556","238,444","(36.204824, 138.252924)",
Allstate Corporation,582,USA,2013,ALL US,US0200021014,96,B,,Public,AQ*,"40,796","150,401","(37.09024, -95.712891)",46
Thomson Reuters Corporation,19075,USA,2013,TRI US,CA8849031056,95,B,,Public,AQ*,,,"(37.09024, -95.712891)",46
Deutsche Telekom AG,4667,Germany,2013,DTE GR,DE0005557508,90,B,,Public,AQ*,"356,128","3,291,232","(51.165691, 10.451526)",36
SABMiller,16101,United Kingdom,2013,SAB LN,GB0004835483,74,B,,Public,AQ*,"1,009,825","997,465","(55.378051, -3.435973)",
Ericsson,5811,Sweden,2013,ERICB SS,SE0000108656,85,B,,Public,AQ*,"92,335","263,003","(60.128161, 18.643501)",
Target Corporation,18320,USA,2013,TGT US,US87612E1064,91,B,,Public,AQ*,"527,047","2,489,866","(37.09024, -95.712891)",46
Fresenius Medical Care AG & Co. KGaA,22171,Germany,2013,FME GR,DE0005785802,72,D,,Not public,AQ*,,,"(51.165691, 10.451526)",36
SSE,16558,United Kingdom,2013,SSE LN,GB0007908733,90,B,,Public,AQ*,"24,560,110","1,364,652","(55.378051, -3.435973)",
"American Electric Power Company, Inc.",689,USA,2013,AEP US,US0255371017,68,D,,Public,AQ*,"121,927,400",,"(37.09024, -95.712891)",46
"Automatic Data Processing, Inc.",1203,USA,2013,ADP US,US0530151036,83,C,,Public,AQ*,"15,500","157,100","(37.09024, -95.712891)",46
MasterCard Incorporated,11421,USA,2013,MA US,US57636Q1040,43,,,Public,AQ*,"3,025.8","37,825","(37.09024, -95.712891)",46
"MetLife, Inc.",11796,USA,2013,MET US,US59156R1086,92,A-,,Not public,AQ*,,,"(37.09024, -95.712891)",46
Bank of Montreal,1417,Canada,2013,BMO CN,CA0636711016,94,B,,Public,AQ*,"20,932.55","86,853.06","(56.130366, -106.346771)",
"Cisco Systems, Inc.",3329,USA,2013,CSCO US,US17275R1023,100,A,,Public,AQ*,"65,832","628,164","(37.09024, -95.712891)",46
Malayan Banking,11289,Malaysia,2013,MAY MK,MYL1155OO000,67,C,,Public,AQ*,651.6,"88,426.6","(4.210484, 101.975766)",180
Goldcorp Inc.,7582,Canada,2013,G CN,CA3809564097,75,C,,Public,AQ*,"734,981","685,344","(56.130366, -106.346771)",
Kering,14930,France,2013,KER FP,FR0000121485,90,B,,Public,AQ*,"15,078","98,950","(46.227638, 2.213749)",48
Anadarko Petroleum Corporation,745,USA,2013,APC US,US0325111070,75,C,,Public,AQ*,"5,056,818","535,843","(37.09024, -95.712891)",46
Surgutneftegas,18032,Russia,2013,SNGSP RM,RU0009029524,23,,,Not public,AQ*,,,"(61.52401, 105.318756)",3
Berkshire Hathaway,1718,USA,2013,BRK/B US,US0846707026,,,,,NR,,,"(37.09024, -95.712891)",46
Siam Commercial Bank PCL,22097,Thailand,2013,SCB TB,TH0015010000,,,,,NR,,,"(15.870032, 100.992541)",129
Airbus Group,21770,Netherlands,2013,AIR FP,NL0000235190,97,B,,Public,AQ*,"581,115","432,092","(52.132633, 5.291266)",38
Time Warner Cable Inc.,19120,USA,2013,TWC US,US88732J2078,,,,,NR,,,"(37.09024, -95.712891)",46
SANOFI,16299,France,2013,SAN FP,FR0000120578,97,A-,,Public,AQ*,"694,600","685,707","(46.227638, 2.213749)",48
Bank Central Asia,21417,Indonesia,2013,BBCA IJ,ID1000109507,,,,,NR,,,"(-0.789275, 113.921327)",
"NextEra Energy, Inc.",6672,USA,2013,NEE US,US65339F1012,,,,,NR,,,"(37.09024, -95.712891)",46
DBS Group Holdings,4315,Singapore,2013,DBS SP,SG1L01001701,,,,,NR,,,"(1.352083, 103.819836)",
"Yum! Brands, Inc.",20917,USA,2013,YUM US,US9884981013,92,B,,Public,AQ*,"156,510","2,377,372","(37.09024, -95.712891)",46
Baker Hughes Incorporated,1356,USA,2013,BHI US,US0572241075,90,B,,Public,AQ*,"516,000","425,000","(37.09024, -95.712891)",46
Vale,20050,Brazil,2013,VALE3 BZ,BRVALEACNOR0,98,B,,Public,AQ*,"16,403,834.28","1,469,166.84","(-14.235004, -51.92528)",192
Petróleo Brasileiro SA - Petrobras,14654,Brazil,2013,PETR4 BZ,BRPETRACNPR6,82,C,,Public,AQ*,"65,983,676.38","1,394,740.09","(-14.235004, -51.92528)",192
"Illinois Tool Works, Inc.",8858,USA,2013,ITW US,US4523081093,79,C,,Not public,AQ*,,,"(37.09024, -95.712891)",46
Facebook,40556,USA,2013,FB US,,,,,,NR,,,"(37.09024, -95.712891)",46
Priceline.Com Inc,22321,USA,2013,PCLN US,US7415034039,,,,,NR,,,"(37.09024, -95.712891)",46
British American Tobacco,2269,United Kingdom,2013,BATS LN,GB0002875804,94,B,,Public,AQ*,"359,184","387,168","(55.378051, -3.435973)",
E.ON SE,5108,Germany,2013,EOAN GR,DE000ENAG999,83,B,,Public,AQ*,"126,871,536","4,363,825","(51.165691, 10.451526)",36
Ford Motor Company,6595,USA,2013,F US,US3453708600,72,C,,Public,AQ*,"1,698,799","3,440,338","(37.09024, -95.712891)",46
State Bank of India,22352,India,2013,SBIN IN,INE062A01012,16,,,Public,AQ*,,,"(20.593684, 78.96288)",121
ENEL SpA,5574,Italy,2013,ENEL IM,IT0003128367,87,B,,Public,AQ*,"127,801,261","1,140,337","(41.87194, 12.56738)",
China Unicom,3248,Hong Kong,2013,762 HK,HK0000049939,2,,,Public,AQ*,,,"(22.396428, 114.109497)",
Hewlett-Packard,23195,USA,2013,HPQ US,US4282361033,99,A,,Public,AQ*,"246,000","1,643,000","(37.09024, -95.712891)",46
L'Oréal,10389,France,2013,OR FP,FR0000120321,94,A,,Public,AQ*,"66,920","126,500","(46.227638, 2.213749)",48
Sysco Corporation,18155,USA,2013,SYY US,US8718291078,66,C,,Public,AQ*,"788,200","336,857","(37.09024, -95.712891)",46
Boeing Company,2017,USA,2013,BA US,US0970231058,96,A-,,Public,AQ*,"576,000","998,000","(37.09024, -95.712891)",46
salesforce.com,16158,USA,2013,CRM US,US79466L3024,90,C,,Public,AQ*,"2,349.52","29,428.55","(37.09024, -95.712891)",46
Husky Energy Inc.,8675,Canada,2013,HSE CN,CA4480551031,86,C,,Public,AQ*,"9,171,000","2,381,000","(56.130366, -106.346771)",
Repsol,15669,Spain,2013,REP SM,ES0173516115,98,B,,Public,AQ*,"14,062,806","811,243","(40.463667, -3.74922)",80
TransCanada Corporation,19304,Canada,2013,TRP CN,CA89353D1078,91,B,,Public,AQ*,"12,186,545","231,494","(56.130366, -106.346771)",
BlackRock,1875,USA,2013,BLK US,US09247X1019,79,C,,Not public,AQ*,,,"(37.09024, -95.712891)",46
Advanced Info Service,236,Thailand,2013,ADVANC TB,TH0268010Z03,,,,,NR,,,"(15.870032, 100.992541)",129
Intel Corporation,9298,USA,2013,INTC US,US4581401001,85,B,,Public,AQ*,"794,759","2,331,048","(37.09024, -95.712891)",46
"Noble Energy, Inc.",13395,USA,2013,NBL US,US6550441058,76,C,,Public,AQ*,"2,078,600","61,630","(37.09024, -95.712891)",46
Astra International,1053,Indonesia,2013,ASII IJ,ID1000122807,32,,,Not public,AQ*,,,"(-0.789275, 113.921327)",
Tencent Holdings,18544,Hong Kong,2013,700 HK,KYG875721485,,,,,NR,,,"(22.396428, 114.109497)",
CBS Corp.,2942,USA,2013,CBS US,US1248572026,24,,,Public,AQ*,,,"(37.09024, -95.712891)",46
Morgan Stanley,12406,USA,2013,MS US,US6174464486,96,A,,Public,AQ*,"13,757.46","330,746.62","(37.09024, -95.712891)",46
Linde AG,22158,Germany,2013,LIN GR,DE0006483001,93,A-,,Public,AQ*,"6,100,000","9,800,000","(51.165691, 10.451526)",36
GRUPO FINANCIERO INBURSA-O,23089,Mexico,2013,GFINBURO MM,MXP370641013,,,,,NR,,,"(23.634501, -102.552784)",
Volkswagen AG,20309,Germany,2013,VOW3 GR,DE0007664039,99,A,,Public,AQ*,"4,133,581","4,572,344","(51.165691, 10.451526)",36
Schneider Electric,16423,France,2013,SU FP,FR0000121972,97,A,,Public,AQ*,"113,238","345,123","(46.227638, 2.213749)",48
WPP Group,20789,United Kingdom,2013,WPP LN,JE00B8KF9B49,95,B,,Public,AQ*,"9,859","164,206","(55.378051, -3.435973)",
Power Financial Corporation,14961,Canada,2013,PWF CN,CA73927C1005,86,C,,Not public,AQ*,,,"(56.130366, -106.346771)",
Rolls-Royce,15941,United Kingdom,2013,RR/ LN,GB00B63H8491,85,B,,Public,AQ*,"213,089.45","337,064.01","(55.378051, -3.435973)",
Novatek,13542,Russia,2013,NVTK RM,RU000A0DKVS5,40,,,Public,AQ*,"2,336,375","73,460","(61.52401, 105.318756)",3
CVS Caremark Corporation,4151,USA,2013,CVS US,US1266501006,92,B,,Public,AQ*,"201,000","1,495,000","(37.09024, -95.712891)",46
Hang Seng Bank,8057,Hong Kong,2013,11 HK,HK0011000095,42,,HSBC Holdings plc,Public,AQ*,,"24,616.59","(22.396428, 114.109497)",
Canadian National Railway Company,2656,Canada,2013,CNR CN,CA1363751027,91,B,,Public,AQ*,"5,070,123","173,129","(56.130366, -106.346771)",
Walt Disney Company,20384,USA,2013,DIS US,US2546871060,78,C,,Public,AQ*,"867,353","899,027","(37.09024, -95.712891)",46
BB&T Corporation,1610,USA,2013,BBT US,US0549371070,,,,,NR,,,"(37.09024, -95.712891)",46
Industrial And Commercial Bank Of China Limited,9039,China,2013,601398 CH,CNE000001P37,5,,,Not public,AQ*,,,"(35.86166, 104.195397)",72
Japan Tobacco Inc.,9712,Japan,2013,2914 JP,JP3726800000,96,B,,Not public,AQ*,,,"(36.204824, 138.252924)",
"Dominion Resources, Inc.",4832,USA,2013,D US,US25746U1097,,,,Not public,DP,,,"(37.09024, -95.712891)",46
General Growth Properties,7172,USA,2013,GGP US,US3700231034,,,,,NR,,,"(37.09024, -95.712891)",46
China Life Insurance Company Limited,22650,China,2013,601628 CH,CNE000001Q93,,,,Not public,AQ*,,,"(35.86166, 104.195397)",72
Orange,6764,France,2013,ORA FP,FR0000133308,85,B,,Public,AQ*,"445,424","1,024,182","(46.227638, 2.213749)",48
United Technologies Corporation,19859,USA,2013,UTX US,US9130171096,87,B,,Public,AQ*,"801,694","880,896","(37.09024, -95.712891)",46
Continental AG,3818,Germany,2013,CON GR,DE0005439004,82,C,,Public,AQ*,"591,681","1,860,558","(51.165691, 10.451526)",36
Southern Copper Corporation,17435,Peru,2013,SCCO PE,US84265V1052,,,,,NR,,,"(-9.189967, -75.015152)",176
LVMH,11063,France,2013,MC FP,FR0000121014,67,C,,Public,AQ*,"48,365","299,150","(46.227638, 2.213749)",48
UBS,22416,Switzerland,2013,UBSN VX,CH0024899483,92,A-,,Public,AQ*,"21,838","172,421","(46.818188, 8.227512)",38
Hon Hai Precision Industry,21422,Taiwan,2013,2317 TT,TW0002317005,,,Foxconn International Holdings,,SA,,,"(23.69781, 120.960515)",
Simon Property Group,17069,USA,2013,SPG US,US8288061091,98,B,,Public,AQ*,"21,854","496,006","(37.09024, -95.712891)",46
Munich Re,12611,Germany,2013,MUV2 GR,DE0008430026,91,A,,Public,AQ*,"64,755","87,106","(51.165691, 10.451526)",36
Credit Suisse,4035,Switzerland,2013,CSGN VX,CH0012138530,88,B,,Public,AQ*,"23,511","151,561","(46.818188, 8.227512)",38
"Mizuho Financial Group, Inc.",12291,Japan,2013,8411 JP,JP3885780001,89,B,,Public,AQ*,"16,177.45","202,850.31","(36.204824, 138.252924)",
Hong Kong & China Gas,8558,Hong Kong,2013,3 HK,HK0003000038,,,,,NR,,,"(22.396428, 114.109497)",
Accenture,21318,Ireland,2013,ACN US,IE00B4BNMY34,92,B,,Public,AQ*,"9,383","224,615","(53.41291, -8.24389)",
Lafarge S.A.,10418,France,2013,LG FP,FR0000120537,96,B,,Public,AQ*,"97,354,270","8,907,096","(46.227638, 2.213749)",48
The Chubb Corporation,3293,USA,2013,CB US,US1712321017,52,D,,Public,AQ*,"1,129","10,133","(37.09024, -95.712891)",46
TeliaSonera,18430,Sweden,2013,TLSN SS,SE0000667925,83,B,,Public,AQ*,"35,331","268,482","(60.128161, 18.643501)",
Industrias Peñoles,9065,Mexico,2013,PE&OLES* MM,MXP554091415,46,,,Public,AQ*,"674,687","1,747,388","(23.634501, -102.552784)",
BOC Hong Kong,1957,Hong Kong,2013,2388 HK,HK2388011192,,,,Not public,AQ*,,,"(22.396428, 114.109497)",
EMC Corporation,5395,USA,2013,EMC US,US2686481027,97,A,,Public,AQ*,"45,886","368,528","(37.09024, -95.712891)",46
ASML Holding,1048,Netherlands,2013,ASML NA,NL0010273215,,,,Public,DP,,,"(52.132633, 5.291266)",38
Visa,22867,USA,2013,V US,US92826C8394,61,D,,Public,AQ*,"8,151","68,313","(37.09024, -95.712891)",46
Wharf Holdings,20608,Hong Kong,2013,4 HK,HK0004000045,,,,,NR,,,"(22.396428, 114.109497)",
Teck Resources Limited,21481,Canada,2013,TCK/B CN,CA8787422044,90,B,,Public,AQ*,"2,889,517","293,514","(56.130366, -106.346771)",
eBay Inc.,5197,USA,2013,EBAY US,US2786421030,75,D,,Public,AQ*,"14,374","225,952","(37.09024, -95.712891)",46
S.A.C.I. Falabella,16080,Chile,2013,FALAB CI,CLP3880F1085,,,,Public,IN,,,"(-35.675147, -71.542969)",
Johnson Controls,9831,USA,2013,JCI US,US4783661071,94,A-,,Public,AQ*,"866,181","1,465,658","(37.09024, -95.712891)",46
Grupo Mexico S.A.B. de CV,7834,Mexico,2013,GMEXICOB MM,MXP370841019,,,,,NR,,,"(23.634501, -102.552784)",
Wesfarmers,20592,Australia,2013,WES AU,AU000000WES1,77,B,,Public,AQ*,"2,508,924","2,790,505","(-25.274398, 133.775136)",
China Telecom,3244,China,2013,728 HK,CNE1000002V2,,,,Not public,AQ*,,,"(35.86166, 104.195397)",72
POSCO,14929,South Korea,2013,005490 KS,KR7005490008,97,B,,Public,AQ*,"73,526,000","3,471,000","(35.907757, 127.766922)",
Cognizant Technology Solutions Corp.,3588,USA,2013,CTSH US,US1924461023,64,C,,Public,AQ*,"46,934","137,460","(37.09024, -95.712891)",46
PTT Exploration & Production Public Company Limited,15294,Thailand,2013,PTTEP TB,TH0355A10Z04,85,C,PTT,Public,AQ*,"4,431,143","1,649","(15.870032, 100.992541)",129
Unilever Nv Cva,22285,Netherlands,2013,UNA NA,NL0000009355,,,Unilever plc,,SA,,,"(52.132633, 5.291266)",38
Gazprom OAO,7047,Russia,2013,GAZP RM,RU0007661625,62,C,,Public,AQ*,"133,428,139","5,146,743","(61.52401, 105.318756)",3
Deere & Company,4365,USA,2013,DE US,US2441991054,79,C,,Public,AQ*,"440,147","1,053,446","(37.09024, -95.712891)",46
BAE Systems,1344,United Kingdom,2013,BA/ LN,GB0002634946,69,C,,Public,AQ*,"277,920","590,760","(55.378051, -3.435973)",
BASF SE,1516,Germany,2013,BAS GR,DE000BASF111,100,A-,,Public,AQ*,"20,208,000","4,479,000","(51.165691, 10.451526)",36
"Mitsubishi Estate Co., Ltd.",12145,Japan,2013,8802 JP,JP3899600005,76,C,,Not public,AQ*,,,"(36.204824, 138.252924)",
"Altria Group, Inc.",628,USA,2013,MO US,US02209S1033,75,C,,Public,AQ*,"283,926","236,169","(37.09024, -95.712891)",46
Manulife Financial Corp.,11332,Canada,2013,MFC CN,CA56501R1064,84,C,,Public,AQ*,"213,835","195,565","(56.130366, -106.346771)",
Devon Energy Corporation,4678,USA,2013,DVN US,US25179M1036,86,B,,Public,AQ*,"7,596,657","1,087,905","(37.09024, -95.712891)",46
Svenska Handelsbanken,18061,Sweden,2013,SHBA SS,SE0000193120,81,B,,Public,AQ*,41.47,"4,889.18","(60.128161, 18.643501)",
Carnival Corporation,2870,United Kingdom,2013,CCL US,PA1436583006,83,C,,Public,AQ*,"10,819,814","57,585","(55.378051, -3.435973)",
Occidental Petroleum Corporation,13649,USA,2013,OXY US,US6745991058,61,E,,Public,AQ*,"14,270,000","5,600,000","(37.09024, -95.712891)",46
Stryker Corporation,17815,USA,2013,SYK US,US8636671013,53,E,,Not public,AQ*,,,"(37.09024, -95.712891)",46
Komatsu Ltd.,10239,Japan,2013,6301 JP,JP3304200003,95,A,,Public,AQ*,"123,754","354,601","(36.204824, 138.252924)",
"National Oilwell Varco, Inc.",12843,USA,2013,NOV US,US6370711011,,,,,NR,,,"(37.09024, -95.712891)",46
Banco Bradesco S/A,1395,Brazil,2013,BBDC4 BZ,BRBBDCACNPR8,76,C,,Public,AQ*,"4,780","30,219","(-14.235004, -51.92528)",192
BBVA,1613,Spain,2013,BBVA SM,ES0113211835,76,D,,Public,AQ*,"9,267","295,771","(40.463667, -3.74922)",80
General Mills Inc.,7156,USA,2013,GIS US,US3703341046,78,B,,Public,AQ*,"259,400","737,000","(37.09024, -95.712891)",46
Essilor International,5879,France,2013,EI FP,FR0000121667,28,,,Public,AQ*,,"55,100","(46.227638, 2.213749)",48
Fanuc Corporation,6204,Japan,2013,6954 JP,JP3802400006,,,,,NR,,,"(36.204824, 138.252924)",
Oversea-Chinese Banking,21402,Singapore,2013,OCBC SP,SG1S04926220,3,,,Public,AQ*,,,"(1.352083, 103.819836)",
The Southern Company,18951,USA,2013,SO US,US8425871071,,,,Public,IN,,,"(37.09024, -95.712891)",46
Allianz SE,593,Germany,2013,ALV GR,DE0008404005,97,A-,Allianz Group,Public,AQ*,"83,443","176,675","(51.165691, 10.451526)",36
Royal Bank of Scotland Group,15949,United Kingdom,2013,RBS LN,GB00B7T77214,88,B,,Public,AQ*,"66,586","497,763","(55.378051, -3.435973)",
UnitedHealth Group Inc,19858,USA,2013,UNH US,US91324P1021,98,B,,Public,AQ*,"8,693.78","104,200.46","(37.09024, -95.712891)",46
Compagnie Financière Richemont SA,3672,Switzerland,2013,CFR VX,CH0045039655,79,B,,Public,AQ*,"18,600","45,200","(46.818188, 8.227512)",38
Phillips 66,44635,USA,2013,PSX US,,,,,,NR,,,"(37.09024, -95.712891)",46
Verizon Communications Inc.,20175,USA,2013,VZ US,US92343V1044,84,B,,Public,AQ*,"512,899.04","5,334,874.05","(37.09024, -95.712891)",46
Raytheon Company,15541,USA,2013,RTN US,US7551115071,98,A,,Public,AQ*,"101,715","435,872","(37.09024, -95.712891)",46
Apache Corporation,804,USA,2013,APA US,US0374111054,70,C,,Public,AQ*,"10,766,000","1,314,000","(37.09024, -95.712891)",46
Pfizer Inc.,14683,USA,2013,PFE US,US7170811035,91,B,,Public,AQ*,"1,217,736","1,155,762","(37.09024, -95.712891)",46
DNB ASA,21537,Norway,2013,DNB NO,NO0010031479,84,B,,Public,AQ*,"1,571","13,587","(60.472024, 8.468946)",
"Air Products & Chemicals, Inc.",435,USA,2013,APD US,US0091581068,99,B,,Public,AQ*,"14,767,209","10,563,030","(37.09024, -95.712891)",46
BG Group,1785,United Kingdom,2013,BG/ LN,GB0008762899,89,A,,Public,AQ*,"7,739,569","20,295","(55.378051, -3.435973)",
Equity Residential,5798,USA,2013,EQR US,US29476L1070,,,,Not public,DP,,,"(37.09024, -95.712891)",46
Schlumberger Limited,16418,USA,2013,SLB US,AN8068571086,83,C,,Public,AQ*,"2,200,000","550,000","(37.09024, -95.712891)",46
NIKE Inc.,13279,USA,2013,NKE US,US6541061031,70,D,,Not public,AQ*,,,"(37.09024, -95.712891)",46
Time Warner Inc.,19119,USA,2013,TWX US,US8873173038,,,,Public,AQ*,"23,777","194,010","(37.09024, -95.712891)",46
Danone,4311,France,2013,BN FP,FR0000120644,93,B,,Public,AQ*,"894,206","847,529","(46.227638, 2.213749)",48
Yahoo! Inc.,20905,USA,2013,YHOO US,US9843321061,91,B,,Public,AQ*,"4,002.04","333,290.8","(37.09024, -95.712891)",46
Australia and New Zealand Banking Group,1187,Australia,2013,ANZ AU,AU000000ANZ3,92,A-,,Public,AQ*,"16,428","205,462","(-25.274398, 133.775136)",
ITC Limited,9535,India,2013,ITC IN,INE154A01025,85,B,,Public,AQ*,"1,150,203","172,121","(20.593684, 78.96288)",121
Uralkali,20047,Russia,2013,URKA RU,RU0007661302,41,,,Not public,AQ*,,,"(61.52401, 105.318756)",3
Hutchison Whampoa,8682,Hong Kong,2013,13 HK,HK0013000119,,,,,NR,,,"(22.396428, 114.109497)",
Toyota Motor Corporation,19290,Japan,2013,7203 JP,JP3633400001,96,B,,Public,AQ*,"2,727,000","4,499,000","(36.204824, 138.252924)",
Celgene Corporation,2982,USA,2013,CELG US,US1510201049,80,C,,Public,AQ*,"14,458","18,420","(37.09024, -95.712891)",46
Reynolds American Inc.,15774,USA,2013,RAI US,US7617131062,70,B,,Public,AQ*,"107,093","167,402","(37.09024, -95.712891)",46
British Sky Broadcasting,2302,United Kingdom,2013,BSY LN,GB0001411924,95,A,,Public,AQ*,"20,972","80,458","(55.378051, -3.435973)",
"Wal-Mart Stores, Inc.",20402,USA,2013,WMT US,US9311421039,94,A-,,Public,AQ*,"5,605,099","15,581,135","(37.09024, -95.712891)",46
Glencore International AG,35349,Switzerland,2013,GLEN LN,JE00B4T3BW64,82,C,,Not public,AQ*,,,"(46.818188, 8.227512)",38
Xstrata,20903,Switzerland,2013,XTA LN,GB0031411001,82,C,,Not public,AQ*,,,"(46.818188, 8.227512)",38
Hess Corporation,8274,USA,2013,HES US,US42809H1077,97,B,,Public,AQ*,"7,409,486","584,695","(37.09024, -95.712891)",46
Charles Schwab Corporation,3133,USA,2013,SCHW US,US8085131055,55,E,,Not public,AQ*,,,"(37.09024, -95.712891)",46
Rosneft,15969,Russia,2013,ROSN RM,RU000A0J2Q06,,,,,NR,,,"(61.52401, 105.318756)",3
"Nomura Holdings, Inc.",13351,Japan,2013,8604 JP,JP3762600009,86,B,,Public,AQ*,"3,629","95,377","(36.204824, 138.252924)",
AstraZeneca,1104,United Kingdom,2013,AZN LN,GB0009895292,85,B,,Public,AQ*,"340,800","286,200","(55.378051, -3.435973)",
MTN Group,12546,South Africa,2013,MTN SJ,ZAE000042164,76,D,,Public,AQ*,"652,790","384,725","(-30.559482, 22.937506)",227
"Amgen, Inc.",716,USA,2013,AMGN US,US0311621009,76,B,,Public,AQ*,"119,968","286,679","(37.09024, -95.712891)",46
Kellogg Company,10056,USA,2013,K US,US4878361082,84,B,,Public,AQ*,"536,069","671,729","(37.09024, -95.712891)",46
E.I. du Pont de Nemours and Company,5115,USA,2013,DD US,US2635341090,96,A,,Public,AQ*,"10,817,680","4,416,220","(37.09024, -95.712891)",46
Procter & Gamble Company,15132,USA,2013,PG US,US7427181091,47,,,Public,AQ*,"2,799,000","3,028,000","(37.09024, -95.712891)",46
Siam Cement,16913,Thailand,2013,SCC TB,TH0003010Z04,,,,,NR,,,"(15.870032, 100.992541)",129
Firstrand Limited,6436,South Africa,2013,FSR SJ,ZAE000066304,96,A,,Public,AQ*,"11,571.98","257,171.66","(-30.559482, 22.937506)",227
Bank Mandiri,22129,Indonesia,2013,BMRI IJ,ID1000095003,,,,,NR,,,"(-0.789275, 113.921327)",
Christian Dior,3280,France,2013,CDI FP,FR0000130403,59,E,,Not public,AQ*,,,"(46.227638, 2.213749)",48
Spectra Energy Corp,17527,USA,2013,SE US,US8475601097,98,A,,Public,AQ*,"8,381,680","608,390","(37.09024, -95.712891)",46
Endesa,5584,Spain,2013,ELE SM,ES0130670112,98,B,ENEL SpA,Public,AQ*,"54,676,230","1,317,120.3","(40.463667, -3.74922)",80
Cummins Inc.,4136,USA,2013,CMI US,US2310211063,91,B,,Public,AQ*,"232,052","409,890","(37.09024, -95.712891)",46
Syngenta International AG,18141,Switzerland,2013,SYNN VX,CH0011037469,91,B,,Public,AQ*,"733,000","391,000","(46.818188, 8.227512)",38
American Express,692,USA,2013,AXP US,US0258161092,87,C,,Public,AQ*,"23,371","142,667","(37.09024, -95.712891)",46
AFLAC Incorporated,362,USA,2013,AFL US,US0010551028,85,B,,Public,AQ*,"3,884","18,536","(37.09024, -95.712891)",46
Biogen Idec Inc.,1857,USA,2013,BIIB US,US09062X1037,92,B,,Public,AQ*,"46,588","39,307","(37.09024, -95.712891)",46
"Merck & Co., Inc.",11765,USA,2013,MRK US,US58933Y1055,87,B,,Public,AQ*,"1,053,000","927,000","(37.09024, -95.712891)",46
Citigroup Inc.,3398,USA,2013,C US,US1729674242,95,B,,Public,AQ*,"35,569.83","993,687.28","(37.09024, -95.712891)",46
Bank of Communications,1454,China,2013,3328 HK,CNE100000205,2,,,Public,AQ*,,,"(35.86166, 104.195397)",72
Sampo Oyj,16175,Finland,2013,SAMAS FH,FI0009003305,,,,,NR,,,"(61.92411, 25.748151)",
ICICI Bank Limited,8776,India,2013,ICICIBC IN,INE090A01013,,,,,NR,,,"(20.593684, 78.96288)",121
International Business Machines (IBM),9284,USA,2013,IBM US,US4592001014,86,B,,Public,AQ*,"541,584","2,208,459","(37.09024, -95.712891)",46
Tenaris S.A.,22531,Luxembourg,2013,TEN IM,LU0156801721,,,,,NR,,,"(49.815273, 6.129583)",38
Great-West Lifeco Inc.,7690,Canada,2013,GWO CN,CA39138C1068,67,B,Power Financial Corporation,Not public,AQ*,,,"(56.130366, -106.346771)",
Volvo,20273,Sweden,2013,VOLVB SS,SE0000115446,73,C,,Not public,AQ*,,,"(60.128161, 18.643501)",
Lloyds Banking Group,10781,United Kingdom,2013,LLOY LN,GB0008706128,90,B,,Public,AQ*,"49,414","290,726","(55.378051, -3.435973)",
SAP AG,16339,Germany,2013,SAP GR,DE0007164600,98,A,,Public,AQ*,"144,298","43,004","(51.165691, 10.451526)",36
"PPG Industries, Inc.",14926,USA,2013,PPG US,US6935061076,60,D,,Public,AQ*,"4,053,000","1,810,000","(37.09024, -95.712891)",46
BP,2083,United Kingdom,2013,BP/ LN,GB0007980591,80,C,,Public,AQ*,"59,830,000","8,360,000","(55.378051, -3.435973)",
HCP Inc.,23217,USA,2013,HCP US,US40414L1098,97,A-,,Public,AQ*,"28,940","216,887","(37.09024, -95.712891)",46
McDonald's Corporation,11581,USA,2013,MCD US,US5801351017,71,D,,Not public,AQ*,,,"(37.09024, -95.712891)",46
Diageo Plc,4702,United Kingdom,2013,DGE LN,GB0002374006,98,A,,Public,AQ*,"597,619","83,898","(55.378051, -3.435973)",
MMC Norilsk Nickel OSJC,7574,Russia,2013,GMKN RU,RU0007288411,,,,Not public,DP,,,"(61.52401, 105.318756)",3
"TJX Companies, Inc.",19145,USA,2013,TJX US,US8725401090,98,B,,Public,AQ*,"63,084","686,955","(37.09024, -95.712891)",46
Nippon Steel & Sumitomo Metal Corporation,13338,Japan,2013,5401 JP,JP3381000003,85,D,,Not public,AQ*,,,"(36.204824, 138.252924)",
Telstra Corporation,18519,Australia,2013,TLS AU,AU000000TLS2,83,B,,Public,AQ*,"53,587","1,374,617","(-25.274398, 133.775136)",
Sumitomo Mitsui Financial Group,17899,Japan,2013,8316 JP,JP3890350006,86,B,,Not public,AQ*,,,"(36.204824, 138.252924)",
Assicurazioni Generali Spa,1076,Italy,2013,G IM,IT0000062072,87,A,,Public,AQ*,"17,861.7","47,876.6","(41.87194, 12.56738)",
Emerson Electric Co.,5521,USA,2013,EMR US,US2910111044,,,,Public,AQ*,"264,967",,"(37.09024, -95.712891)",46
Kinder Morgan Inc.,10150,USA,2013,KMI US,,,,,,NR,,,"(37.09024, -95.712891)",46
Denso Corporation,4566,Japan,2013,6902 JP,JP3551500006,71,C,,Not public,AQ*,,,"(36.204824, 138.252924)",
Antofagasta,820,United Kingdom,2013,ANTO LN,GB0000456144,92,C,,Public,AQ*,"645,371","1,539,442","(55.378051, -3.435973)",
Banco do Brasil S/A,1405,Brazil,2013,BBAS3 BZ,BRBBASACNOR3,60,C,,Public,AQ*,"7,443.9","54,348.16","(-14.235004, -51.92528)",192
Starbucks Corporation,17652,USA,2013,SBUX US,US8552441094,86,C,,Public,AQ*,"239,972","792,644","(37.09024, -95.712891)",46
Freeport-McMoRan Copper & Gold Inc.,23228,USA,2013,FCX US,US35671D8570,86,C,,Public,AQ*,"5,679,367","3,985,464","(37.09024, -95.712891)",46
"Fast Retailing Co., Ltd.",6161,Japan,2013,9983 JP,JP3802300008,,,,,NR,,,"(36.204824, 138.252924)",
Amazon.com Inc.,658,USA,2013,AMZN US,US0231351067,,,,,NR,,,"(37.09024, -95.712891)",46
Takeda Pharmaceutical Company Limited,18316,Japan,2013,4502 JP,JP3463000004,79,C,,Public,AQ*,"238,684","168,509","(36.204824, 138.252924)",
Lockheed Martin Corporation,10820,USA,2013,LMT US,US5398301094,91,A,,Public,AQ*,"249,491","985,006","(37.09024, -95.712891)",46
RWE AG,16036,Germany,2013,RWE GR,DE0007037129,93,B,,Public,AQ*,"181,690,000","1,940,000","(51.165691, 10.451526)",36
MTR Corporation,12552,Hong Kong,2013,66 HK,HK0066009694,87,C,,Public,AQ*,"53,568","1,171,764","(22.396428, 114.109497)",
H&M Hennes & Mauritz AB,7903,Sweden,2013,HMB SS,SE0000106270,83,A,,Public,AQ*,"15,282","329,630","(60.128161, 18.643501)",
"NTT DOCOMO, INC.",13575,Japan,2013,9437 JP,JP3165650007,75,B,,Public,AQ*,"87,648","1,364,600","(36.204824, 138.252924)",
China Construction Bank,3182,China,2013,939 HK,CNE1000002H1,,,,Not public,AQ*,,,"(35.86166, 104.195397)",72
Inditex,9031,Spain,2013,ITX SM,ES0148396015,80,B,,Public,AQ*,"24,478.97","290,119.56","(40.463667, -3.74922)",80
Infosys Limited,9080,India,2013,INFO IN,INE009A01021,92,A,,Public,AQ*,"28,014.6","134,229.78","(20.593684, 78.96288)",121
Ace Ltd.,21320,Switzerland,2013,ACE US,CH0044328745,93,A,,Public,AQ*,"12,912","39,791","(46.818188, 8.227512)",38
Mitsubishi Electric Corporation,12144,Japan,2013,6503 JP,JP3902400005,60,D,,Public,AQ*,"322,000","791,000","(36.204824, 138.252924)",
Commonwealth Bank of Australia,3649,Australia,2013,CBA AU,AU000000CBA7,94,A,,Public,AQ*,"11,160","145,989","(-25.274398, 133.775136)",
Crown Castle International Corp,31501,USA,2013,CCI US,US2282271046,,,,,NR,,,"(37.09024, -95.712891)",46
"PNC Financial Services Group, Inc.",14830,USA,2013,PNC US,US6934751057,89,B,,Public,AQ*,"47,606","398,414","(37.09024, -95.712891)",46
Larsen & Toubro,10484,India,2013,LT IN,INE018A01030,83,B,,Public,AQ*,"424,351","248,130","(20.593684, 78.96288)",121
QUALCOMM Inc.,15419,USA,2013,QCOM US,US7475251036,56,D,,Public,AQ*,"64,782","49,216","(37.09024, -95.712891)",46
BNY Mellon,1464,USA,2013,BK US,US0640581007,100,A,,Public,AQ*,"9,513","208,926","(37.09024, -95.712891)",46
GDF Suez,7121,France,2013,GSZ FP,FR0010208488,95,B,,Public,AQ*,"154,230,874","3,712,790","(46.227638, 2.213749)",48
Texas Instruments Incorporated,18640,USA,2013,TXN US,US8825081040,64,D,,Public,AQ*,"827,274.44","1,588,465.81","(37.09024, -95.712891)",46
Vivendi SA,20319,France,2013,VIV FP,FR0000127771,69,D,,Public,AQ*,"90,755","345,818","(46.227638, 2.213749)",48
Souza Cruz S.A.,17442,Brazil,2013,CRUZ3 BZ,BRCRUZACNOR0,,,British American Tobacco,,SA,,,"(-14.235004, -51.92528)",192
Capital One Financial,2695,USA,2013,COF US,US14040H1059,71,C,,Public,AQ*,"14,501","194,433","(37.09024, -95.712891)",46
Marathon Oil Corporation,11347,USA,2013,MRO US,US5658491064,,,,,NR,,,"(37.09024, -95.712891)",46
Swire Properties,37376,Hong Kong,2013,1972 HK,HK0000063609,,,Swire Pacific,,SA,,,"(22.396428, 114.109497)",
SingTel,13899,Singapore,2013,ST SP,SG1T75931496,76,C,,Public,AQ*,"6,896.52","177,320.68","(1.352083, 103.819836)",
UPS,19898,USA,2013,UPS US,US9113121068,99,A-,,Public,AQ*,"11,715,635","823,212","(37.09024, -95.712891)",46
"PepsiCo, Inc.",14605,USA,2013,PEP US,US7134481081,94,B,,Public,AQ*,"3,854,784","1,928,490","(37.09024, -95.712891)",46
Telefonica,18427,Spain,2013,TEF SM,ES0178430E18,95,B,,Public,AQ*,"111,124","1,649,137","(40.463667, -3.74922)",80
Unilever plc,19829,United Kingdom,2013,ULVR LN,GB00B10RZP78,85,A,,Public,AQ*,"1,053,344","907,399","(55.378051, -3.435973)",
Corning Incorporated,23254,USA,2013,GLW US,US2193501051,54,D,,Public,AQ*,"383,729","1,129,330","(37.09024, -95.712891)",46
Axiata Group Berhad,21419,Malaysia,2013,AXIATA MK,MYL6888OO001,,,,,NR,,,"(4.210484, 101.975766)",180
"Allergan, Inc.",533,USA,2013,AGN US,US0184901025,91,B,,Public,AQ*,"49,128","52,049","(37.09024, -95.712891)",46
Ecolab Inc.,5154,USA,2013,ECL US,US2788651006,98,A,,Public,AQ*,"336,258","199,296","(37.09024, -95.712891)",46
General Motors Company,7164,USA,2013,GM US,US37045V1008,100,A-,,Public,AQ*,"2,454,755","5,531,380","(37.09024, -95.712891)",46
BCE Inc.,1616,Canada,2013,BCE CN,CA05534B7604,91,B,,Public,AQ*,"99,151","186,890","(56.130366, -106.346771)",
Barrick Gold Corporation,1536,Canada,2013,ABX CN,CA0679011084,87,B,,Public,AQ*,"3,784,179.51","2,229,368.38","(56.130366, -106.346771)",
Exelon Corporation,6113,USA,2013,EXC US,US30161N1019,98,A,,Public,AQ*,"26,038,890","5,691,542","(37.09024, -95.712891)",46
Luxottica Group,11070,Italy,2013,LUX IM,IT0001479374,,,,Not public,DP,,,"(41.87194, 12.56738)",
"The Travelers Companies, Inc.",19377,USA,2013,TRV US,US89417E1091,63,C,,Public,AQ*,"35,633","48,175","(37.09024, -95.712891)",46
Royal Bank of Canada,15980,Canada,2013,RY CN,CA7800871021,77,D,,Public,AQ*,"32,046","127,445","(56.130366, -106.346771)",
Canadian Imperial Bank of Commerce (CIBC),2683,Canada,2013,CM CN,CA1360691010,61,D,,Public,AQ*,"21,079","54,959","(56.130366, -106.346771)",
China Petroleum & Chemical Corporation,3242,China,2013,386 HK,CNE1000002Q2,,,,Public,AQ*,,,"(35.86166, 104.195397)",72
Johnson & Johnson,9829,USA,2013,JNJ US,US4781601046,98,A-,,Public,AQ*,"329,556","853,700","(37.09024, -95.712891)",46
Hong Kong Exchanges & Clearing,8560,Hong Kong,2013,388 HK,HK0388045442,76,D,,Not public,AQ*,,,"(22.396428, 114.109497)",
Novartis,13524,Switzerland,2013,NOVN VX,CH0012005267,96,B,,Public,AQ*,"637,838","1,013,238","(46.818188, 8.227512)",38
Wells Fargo & Company,20575,USA,2013,WFC US,US9497461015,96,A,,Public,AQ*,"93,904","1,333,372","(37.09024, -95.712891)",46
Philip Morris International,14712,USA,2013,PM US,US7181721090,97,B,,Public,AQ*,"441,953","433,892","(37.09024, -95.712891)",46
Coal India,31913,India,2013,COAL IN,INE522F01014,,,,,NR,,,"(20.593684, 78.96288)",121
Ventas Inc,22873,USA,2013,VTR US,US92276F1003,85,C,,Public,AQ*,"43,381","314,379","(37.09024, -95.712891)",46
PTT,15297,Thailand,2013,PTT TB,TH0646010007,84,B,,Public,AQ*,"29,332,000","1,583,000","(15.870032, 100.992541)",129
BRF S.A,21473,Brazil,2013,BRFS3 BZ,BRBRFSACNOR8,83,B,,Not public,AQ*,,,"(-14.235004, -51.92528)",192
National Grid,12832,United Kingdom,2013,NG/ LN,GB00B08SNH34,98,B,,Public,AQ*,"7,913,978","4,547,930","(55.378051, -3.435973)",
HDFC Bank Ltd,8167,India,2013,HDFCB IN,INE040A01026,75,E,Housing Development Finance Corporation,Public,AQ*,"5,872.23","347,770.21","(20.593684, 78.96288)",121
"Williams Companies, Inc.",20705,USA,2013,WMB US,US9694571004,,,,,NR,,,"(37.09024, -95.712891)",46
Holcim Ltd,8525,Switzerland,2013,HOLN VX,CH0012214059,82,C,,Public,AQ*,"102,102,123","6,600,687","(46.818188, 8.227512)",38
Yahoo Japan Corporation,20906,Japan,2013,4689 JP,JP3933800009,15,,,Not public,AQ*,,,"(36.204824, 138.252924)",
U.S. Bancorp,19593,USA,2013,USB US,US9029733048,78,C,,Public,AQ*,"38,055","370,672","(37.09024, -95.712891)",46
Rio Tinto,15829,United Kingdom,2013,RIO LN,GB0007188757,88,B,,Public,AQ*,"26,900,000","16,400,000","(55.378051, -3.435973)",
Hyundai Mobis,8713,South Korea,2013,012330 KS,KR7012330007,94,B,,Public,AQ*,"40,966.85","291,956.94","(35.907757, 127.766922)",
Cenovus Energy Inc.,29789,Canada,2013,CVE CN,CA15135U1093,94,B,,Public,AQ*,"4,657,427","1,079,646","(56.130366, -106.346771)",
